Item Name,X,Y,Width,Height,Confidence
carrot,0.250406938791275,0.7474923133850098,0.3721632838249207,0.16005840301513663,0.46
carrot,0.30725181102752686,0.7999795436859131,0.4525216579437256,0.1949324607849121,0.42
